-- phpMyAdmin SQL Dump
-- version 5.2.1
-- https://www.phpmyadmin.net/
--
-- Host: 127.0.0.1
-- Generation Time: Jun 10, 2025 at 03:17 PM
-- Server version: 10.4.32-MariaDB
-- PHP Version: 8.2.12

SET SQL_MODE = "NO_AUTO_VALUE_ON_ZERO";
START TRANSACTION;
SET time_zone = "+00:00";


/*!40101 SET @OLD_CHARACTER_SET_CLIENT=@@CHARACTER_SET_CLIENT */;
/*!40101 SET @OLD_CHARACTER_SET_RESULTS=@@CHARACTER_SET_RESULTS */;
/*!40101 SET @OLD_COLLATION_CONNECTION=@@COLLATION_CONNECTION */;
/*!40101 SET NAMES utf8mb4 */;

--
-- Database: `eb_lms`
--

-- --------------------------------------------------------

--
-- Table structure for table `book`
--

CREATE TABLE `book` (
  `book_id` int(11) NOT NULL,
  `book_title` varchar(100) NOT NULL,
  `category_id` int(50) NOT NULL,
  `author` varchar(50) NOT NULL,
  `book_copies` int(11) NOT NULL,
  `book_pub` varchar(100) NOT NULL,
  `publisher_name` varchar(100) NOT NULL,
  `isbn` varchar(50) NOT NULL,
  `copyright_year` int(11) NOT NULL,
  `date_receive` varchar(20) NOT NULL,
  `date_added` datetime NOT NULL,
  `status` varchar(30) NOT NULL
) ENGINE=InnoDB DEFAULT CHARSET=latin1 COLLATE=latin1_swedish_ci;

--
-- Dumping data for table `book`
--

INSERT INTO `book` (`book_id`, `book_title`, `category_id`, `author`, `book_copies`, `book_pub`, `publisher_name`, `isbn`, `copyright_year`, `date_receive`, `date_added`, `status`) VALUES
(15, 'Natural Resources', 8, 'Robin Kerrod', 15, 'Marshall Cavendish Corporation', 'Marshall', '1-85435-628-3', 1997, '', '2021-12-11 06:34:27', 'New'),
(16, 'Sociology', 5, 'Management', 20, 'KCMIT', 'Tulsi Bastola', '0-7172-0119-8', 1988, '', '2018-12-11 06:36:23', 'Archive'),
(17, 'Operation Management', 3, 'Carolyn Bradshaw, Michael Seals', 35, 'Pearson Education, Inc', 'Tulsi Bastola', '0-13-125087-6', 2006, '', '2013-12-11 06:39:17', 'Old'),
(18, 'The Philippine Daily Inquirer', 7, '..', 3, 'Pasay City', '..', '..', 2013, '', '2013-12-11 06:41:53', 'Archive'),
(19, 'Science in our World', 4, 'Brian Knapp', 25, 'Regency Publishing Group', 'Prentice Hall, Inc', '0-13-050841-1', 1996, '', '2013-12-11 06:44:44', 'Lost'),
(20, 'Literature', 9, 'Greg Glowka', 20, 'Regency Publishing Group', 'Prentice Hall, Inc', '0-13-050841-1', 2001, '', '2013-12-11 06:47:44', 'Old'),
(21, 'Lexicon Universal Encyclopedia', 5, 'Lexicon', 10, 'Lexicon Publication', 'Pulication Inc., Lexicon', '0-7172-2043-5', 1993, '', '2013-12-11 06:49:53', 'Old'),
(22, 'Science and Invention Encyclopedia', 5, 'Clarke Donald, Dartford Mark', 16, 'H.S. Stuttman inc. Publishing', 'Publisher , Westport Connecticut', '0-87475-450-x', 1992, '', '2013-12-11 06:52:58', 'New'),
(23, 'Integrated Science Textbook ', 4, 'Merde C. Tan', 15, 'Vibal Publishing House Inc.', '12536. Araneta Avenue Corner Ma. Clara St., Quezon City', '971-570-124-8', 2009, '', '2013-12-11 06:55:27', 'New'),
(24, 'Algebra 2', 3, 'Glencoe McGraw Hill', 15, 'The McGrawHill Companies Inc.', 'McGrawhill', '978-0-07-873830-2', 2008, '', '2013-12-11 06:57:35', 'New'),
(25, 'Wiki at Panitikan ', 7, 'Lorenza P. Avera', 28, 'JGM & S Corporation', 'JGM & S Corporation', '971-07-1574-7', 2000, '', '2013-12-11 06:59:24', 'Damage'),
(26, 'English Expressways TextBook for 4th year', 9, 'Virginia Bermudez Ed. O. et al', 23, 'SD Publications, Inc.', 'Gregorio Araneta Avenue, Quezon City', '978-971-0315-33-8', 2007, '', '2013-12-11 07:01:25', 'New'),
(27, 'Asya Pag-usbong Ng Kabihasnan ', 8, 'Ricardo T. Jose, Ph . D.', 21, 'Vibal Publishing House Inc.', 'Araneta Avenue . Cor. Maria Clara St., Quezon City', '971-07-2324-3', 2008, '', '2013-12-11 07:02:56', 'New'),
(28, 'Literature (the readers choice)', 9, 'Glencoe McGraw Hill', 20, '..', 'the McGrawHill Companies Inc', '0-02-817934-x', 2001, '', '2013-12-11 07:05:25', 'Damage'),
(29, 'Beloved a Novel', 9, 'Toni Morrison', 13, '..', 'Alfred A. Knoff, Inc', '0-394-53597-9', 1987, '', '2013-12-11 07:07:02', 'Old'),
(30, 'Silver Burdett Engish', 2, 'Judy Brim', 12, 'Silver Burdett Company', 'Silver', '0-382-03575-5', 1985, '', '2013-12-11 09:22:50', 'Archive'),
(31, 'The Corporate Warriors (Six Classic Cases in American Business)', 8, 'Douglas K. Ramsey', 8, 'Houghton Miffin Company', '..', '0-395-35487-0', 1987, '', '2013-12-11 09:25:32', 'Archive'),
(32, 'Introduction to Information System', 9, 'Cristine Redoblo', 10, 'CHMSC', 'Brian INC', '123-132', 2013, '', '2014-01-17 19:00:10', 'Archive');

-- --------------------------------------------------------

--
-- Table structure for table `borrow`
--

CREATE TABLE `borrow` (
  `borrow_id` int(11) NOT NULL,
  `member_id` bigint(50) NOT NULL,
  `date_borrow` varchar(100) NOT NULL,
  `due_date` varchar(100) DEFAULT NULL
) ENGINE=MyISAM DEFAULT CHARSET=utf8 COLLATE=utf8_general_ci;

--
-- Dumping data for table `borrow`
--

INSERT INTO `borrow` (`borrow_id`, `member_id`, `date_borrow`, `due_date`) VALUES
(484, 55, '2014-03-20 23:50:27', '21/03/2014'),
(483, 55, '2014-03-20 23:49:34', '21/03/2014'),
(482, 52, '2014-03-20 23:38:22', '03/01/2014'),
(485, 52, '2025-05-25 14:11:27', '29/05/2025'),
(486, 52, '2025-05-25 14:11:36', '29/05/2025'),
(487, 57, '2025-05-25 22:50:04', '28/05/2025'),
(488, 58, '2025-05-26 18:03:14', '29/05/2025'),
(489, 57, '2025-05-27 09:49:52', '30/05/2025'),
(490, 54, '2025-05-31 14:54:43', '31/05/2025');

-- --------------------------------------------------------

--
-- Table structure for table `borrowdetails`
--

CREATE TABLE `borrowdetails` (
  `borrow_details_id` int(11) NOT NULL,
  `book_id` int(11) NOT NULL,
  `borrow_id` int(11) NOT NULL,
  `borrow_status` varchar(50) NOT NULL,
  `date_return` varchar(100) NOT NULL
) ENGINE=MyISAM DEFAULT CHARSET=latin1 COLLATE=latin1_swedish_ci;

--
-- Dumping data for table `borrowdetails`
--

INSERT INTO `borrowdetails` (`borrow_details_id`, `book_id`, `borrow_id`, `borrow_status`, `date_return`) VALUES
(164, 16, 484, 'pending', ''),
(162, 15, 482, 'pending', ''),
(163, 15, 483, 'Returned', '2025-05-26'),
(165, 15, 485, 'pending', ''),
(166, 15, 486, 'pending', ''),
(167, 15, 487, 'Returned', '2025-05-26'),
(168, 17, 487, 'pending', ''),
(169, 17, 488, 'Returned', '2025-05-26'),
(170, 21, 489, 'Returned', '2025-05-27'),
(171, 19, 490, 'Returned', '2025-05-31');

-- --------------------------------------------------------

--
-- Table structure for table `category`
--

CREATE TABLE `category` (
  `category_id` int(11) NOT NULL,
  `classname` varchar(50) DEFAULT NULL
) ENGINE=MyISAM DEFAULT CHARSET=utf8 COLLATE=utf8_general_ci;

--
-- Dumping data for table `category`
--

INSERT INTO `category` (`category_id`, `classname`) VALUES
(1, 'Periodical'),
(2, 'English'),
(3, 'Math'),
(4, 'Science'),
(5, 'Encyclopedia'),
(6, 'Filipiniana'),
(7, 'Newspaper'),
(8, 'General'),
(9, 'References'),
(10, 'Management');

-- --------------------------------------------------------

--
-- Table structure for table `lost_book`
--

CREATE TABLE `lost_book` (
  `Book_ID` int(11) NOT NULL,
  `ISBN` int(11) NOT NULL,
  `Member_No` varchar(50) NOT NULL,
  `Date Lost` date NOT NULL
) ENGINE=InnoDB DEFAULT CHARSET=latin1 COLLATE=latin1_swedish_ci;

-- --------------------------------------------------------

--
-- Table structure for table `member`
--

CREATE TABLE `member` (
  `member_id` int(11) NOT NULL,
  `firstname` varchar(100) NOT NULL,
  `lastname` varchar(100) NOT NULL,
  `gender` varchar(10) NOT NULL,
  `address` varchar(100) NOT NULL,
  `contact` varchar(100) NOT NULL,
  `type` varchar(100) NOT NULL,
  `year_level` varchar(100) NOT NULL,
  `status` varchar(100) NOT NULL
) ENGINE=InnoDB DEFAULT CHARSET=latin1 COLLATE=latin1_swedish_ci;

--
-- Dumping data for table `member`
--

INSERT INTO `member` (`member_id`, `firstname`, `lastname`, `gender`, `address`, `contact`, `type`, `year_level`, `status`) VALUES
(52, 'Ram', 'Sharma', 'Male', 'Baneshwor', '2120245612', 'Teacher', 'Faculty', 'Active'),
(53, 'Bidyakar', 'Bhatta', 'Male', 'Ghattaghar', '00', 'Student', 'Seven Semester', 'Banned'),
(54, 'Sushil', 'Koirala', 'Male', 'Baneshwor', '009', 'Student', 'First Semester', 'Active'),
(55, 'Sayog ', 'Rai', 'Male', 'Lalitpur', '0032', 'Student', 'Seven Semester', 'Active'),
(57, 'Rohit', 'Sharma', 'Male', 'Mumbai', '90902', 'Student', 'Eighth Semester', 'Active'),
(58, 'Sita', 'Karki', 'Female', 'Thimi', '1233457891', 'Student', 'First Year', 'Banned'),
(67, 'Manoj', 'Thakur', 'Male', 'Lalitpur', '9876543210', 'Student', 'Third Year', 'Active'),
(69, 'Pat', 'cummins', 'Male', 'sankhamul', '0123432678', 'Teacher', 'Faculty', 'Active');

-- --------------------------------------------------------

--
-- Table structure for table `type`
--

CREATE TABLE `type` (
  `id` int(11) NOT NULL,
  `borrowertype` varchar(50) DEFAULT NULL
) ENGINE=MyISAM DEFAULT CHARSET=utf8 COLLATE=utf8_general_ci;

--
-- Dumping data for table `type`
--

INSERT INTO `type` (`id`, `borrowertype`) VALUES
(2, 'Teacher'),
(20, 'Employee'),
(21, 'Non-Teaching'),
(22, 'Student'),
(32, 'Contruction');

-- --------------------------------------------------------

--
-- Table structure for table `users`
--

CREATE TABLE `users` (
  `user_id` int(11) NOT NULL,
  `username` varchar(100) NOT NULL,
  `password` varchar(100) NOT NULL,
  `firstname` varchar(100) NOT NULL,
  `lastname` varchar(100) NOT NULL
) ENGINE=InnoDB DEFAULT CHARSET=latin1 COLLATE=latin1_swedish_ci;

--
-- Dumping data for table `users`
--

INSERT INTO `users` (`user_id`, `username`, `password`, `firstname`, `lastname`) VALUES
(2, 'admin', 'admin', 'Bidyakar', 'Bhatta'),
(30, 'bb', 'bb', 'bb', 'bb');

--
-- Indexes for dumped tables
--

--
-- Indexes for table `book`
--
ALTER TABLE `book`
  ADD PRIMARY KEY (`book_id`);

--
-- Indexes for table `borrow`
--
ALTER TABLE `borrow`
  ADD PRIMARY KEY (`borrow_id`),
  ADD KEY `borrowerid` (`member_id`),
  ADD KEY `borrowid` (`borrow_id`);

--
-- Indexes for table `borrowdetails`
--
ALTER TABLE `borrowdetails`
  ADD PRIMARY KEY (`borrow_details_id`);

--
-- Indexes for table `category`
--
ALTER TABLE `category`
  ADD PRIMARY KEY (`category_id`),
  ADD UNIQUE KEY `category_id` (`category_id`),
  ADD KEY `classid` (`category_id`);

--
-- Indexes for table `lost_book`
--
ALTER TABLE `lost_book`
  ADD PRIMARY KEY (`Book_ID`);

--
-- Indexes for table `member`
--
ALTER TABLE `member`
  ADD PRIMARY KEY (`member_id`);

--
-- Indexes for table `type`
--
ALTER TABLE `type`
  ADD PRIMARY KEY (`id`),
  ADD KEY `borrowertype` (`borrowertype`),
  ADD KEY `id` (`id`);

--
-- Indexes for table `users`
--
ALTER TABLE `users`
  ADD PRIMARY KEY (`user_id`);

--
-- AUTO_INCREMENT for dumped tables
--

--
-- AUTO_INCREMENT for table `book`
--
ALTER TABLE `book`
  MODIFY `book_id` int(11) NOT NULL AUTO_INCREMENT, AUTO_INCREMENT=33;

--
-- AUTO_INCREMENT for table `borrow`
--
ALTER TABLE `borrow`
  MODIFY `borrow_id` int(11) NOT NULL AUTO_INCREMENT, AUTO_INCREMENT=491;

--
-- AUTO_INCREMENT for table `borrowdetails`
--
ALTER TABLE `borrowdetails`
  MODIFY `borrow_details_id` int(11) NOT NULL AUTO_INCREMENT, AUTO_INCREMENT=172;

--
-- AUTO_INCREMENT for table `category`
--
ALTER TABLE `category`
  MODIFY `category_id` int(11) NOT NULL AUTO_INCREMENT, AUTO_INCREMENT=801;

--
-- AUTO_INCREMENT for table `lost_book`
--
ALTER TABLE `lost_book`
  MODIFY `Book_ID` int(11) NOT NULL AUTO_INCREMENT;

--
-- AUTO_INCREMENT for table `member`
--
ALTER TABLE `member`
  MODIFY `member_id` int(11) NOT NULL AUTO_INCREMENT, AUTO_INCREMENT=70;

--
-- AUTO_INCREMENT for table `type`
--
ALTER TABLE `type`
  MODIFY `id` int(11) NOT NULL AUTO_INCREMENT, AUTO_INCREMENT=42;

--
-- AUTO_INCREMENT for table `users`
--
ALTER TABLE `users`
  MODIFY `user_id` int(11) NOT NULL AUTO_INCREMENT, AUTO_INCREMENT=31;
COMMIT;

/*!40101 SET CHARACTER_SET_CLIENT=@OLD_CHARACTER_SET_CLIENT */;
/*!40101 SET CHARACTER_SET_RESULTS=@OLD_CHARACTER_SET_RESULTS */;
/*!40101 SET COLLATION_CONNECTION=@OLD_COLLATION_CONNECTION */;
